{"time": [1643841920.6547322, 1643841930.789173, 1643841941.3344188, 1643841951.438207, 1643841961.7273707, 1643841971.8074136, 1643841981.8862634, 1643841991.9325209, 1643842002.1920364, 1643842012.360064, 1643842022.4028978, 1643842032.513807, 1643842042.5574744, 1643842052.5622218, 1643842062.5639086, 1643842072.594641, 1643842082.6069515, 1643842092.7140388, 1643842102.759108, 1643842112.7591763, 1643842122.8101418, 1643842132.8267019, 1643842143.0107923, 1643842153.1167135, 1643842163.1610093, 1643842173.1661813, 1643842183.2269423, 1643842193.2272408, 1643842203.3209283, 1643842213.551552, 1643842223.565981, 1643842233.584244, 1643842243.7201338, 1643842253.7359698, 1643842263.900932, 1643842273.9341257, 1643842284.0084321, 1643842294.2418747, 1643842304.256136, 1643842314.3939857, 1643842324.530568, 1643842334.925143, 1643842345.024347, 1643842355.109768, 1643842365.2025685, 1643842375.2618167, 1643842385.448058, 1643842395.6374323, 1643842405.997774, 1643842416.063722, 1643842426.120356, 1643842436.2288861, 1643842446.282059, 1643842456.3113503, 1643842466.3705692, 1643842476.4586134, 1643842486.4600449, 1643842496.4887278, 1643842506.5091414], "best_bid": [37173.8, 37173.59, 37175.19, 37180.59, 37175.78, 37173.33, 37174.33, 37173.2, 37165.32, 37157.13, 37145.82, 37141.77, 37142.86, 37142.46, 37130.01, 37104.2, 37100.0, 37106.27, 37110.32, 37112.76, 37110.01, 37107.43, 37104.42, 37089.73, 37089.75, 37087.04, 37084.0, 37080.23, 37084.36, 37078.4, 37080.9, 37099.99, 37113.55, 37125.8, 37128.71, 37126.38, 37122.58, 37115.68, 37115.68, 37091.02, 37078.72, 37088.0, 37083.04, 37079.33, 37097.64, 37086.93, 37076.93, 37076.95, 37084.6, 37083.74, 37083.0, 37079.12, 37075.58, 37073.24, 37050.0, 37048.0, 37018.14, 37000.0, 36981.31], "best_ask": [37174.36, 37173.6, 37175.2, 37180.6, 37175.79, 37174.07, 37174.34, 37173.21, 37165.33, 37157.14, 37145.83, 37141.78, 37142.87, 37142.47, 37130.18, 37104.21, 37100.01, 37106.28, 37110.33, 37112.77, 37110.02, 37107.44, 37104.43, 37089.74, 37089.76, 37087.05, 37084.01, 37081.17, 37084.37, 37078.41, 37083.99, 37100.0, 37113.56, 37125.81, 37128.72, 37126.39, 37122.59, 37115.69, 37115.69, 37091.03, 37078.73, 37088.01, 37083.05, 37079.34, 37097.65, 37086.94, 37076.94, 37076.96, 37084.61, 37083.75, 37083.01, 37079.13, 37075.59, 37073.25, 37050.01, 37048.01, 37018.15, 37000.01, 36991.42], "my_bid": [37171.93, 37171.719999999994, 37173.32, 37178.719999999994, 37173.909999999996, 37171.46, 37172.46, 37171.329999999994, 37163.45, 37155.259999999995, 37143.95, 37139.899999999994, 37140.99, 37140.59, 37128.14, 37102.329999999994, 37098.13, 37104.399999999994, 37108.45, 37110.89, 37108.14, 37105.56, 37102.549999999996, 37087.86, 37087.88, 37085.17, 37082.13, 37078.36, 37082.49, 37076.53, 37079.03, 37098.119999999995, 37111.68, 37123.93, 37126.84, 37124.509999999995, 37120.71, 37113.81, 37113.81, 37089.149999999994, 37076.85, 37086.13, 37081.17, 37077.46, 37095.77, 37085.06, 37075.06, 37075.079999999994, 37082.729999999996, 37081.869999999995, 37081.13, 37077.25, 37073.71, 37071.369999999995, 37048.13, 37046.13, 37016.27, 36998.13, 36979.439999999995], "my_ask": [37178.16, 37177.4, 37179.0, 37184.4, 37179.590000000004, 37177.87, 37178.14, 37177.01, 37169.130000000005, 37160.94, 37149.630000000005, 37145.58, 37146.670000000006, 37146.270000000004, 37133.98, 37108.01, 37103.810000000005, 37110.08, 37114.130000000005, 37116.57, 37113.82, 37111.240000000005, 37108.23, 37093.54, 37093.560000000005, 37090.850000000006, 37087.810000000005, 37084.97, 37088.170000000006, 37082.21000000001, 37087.79, 37103.8, 37117.36, 37129.61, 37132.520000000004, 37130.19, 37126.39, 37119.490000000005, 37119.490000000005, 37094.83, 37082.530000000006, 37091.810000000005, 37086.850000000006, 37083.14, 37101.450000000004, 37090.740000000005, 37080.740000000005, 37080.76, 37088.41, 37087.55, 37086.810000000005, 37082.93, 37079.39, 37077.05, 37053.810000000005, 37051.810000000005, 37021.950000000004, 37003.810000000005, 36995.22], "filled_asks": [0, 1, 1, 1, 0, 0, 0, 0, 0, 0, 0, 0, 1, 0, 0, 0, 0, 1, 1, 1, 1, 0, 0, 0, 0, 0, 0, 0, 1, 0, 1, 1, 1, 1, 0, 0, 0, 0, 0, 0, 0, 1, 0, 0, 1, 0, 0, 0, 1, 1, 0, 0, 0, 0, 0, 0, 0, 0, 0], "filled_bids": [0, 0, 1, 0, 1, 1, 0, 0, 1, 1, 1, 1, 0, 0, 1, 1, 1, 0, 0, 1, 1, 1, 1, 1, 0, 1, 1, 1, 0, 1, 0, 0, 0, 0, 0, 1, 1, 1, 0, 1, 1, 0, 1, 1, 0, 1, 1, 0, 1, 1, 1, 1, 1, 1, 1, 1, 1, 1, 1]}